ID,Original_Grade,Target_Grade,Rewritten_Grade,Distance_to_Target,Improvement_Toward_Target,Directional_Consistency
2015,13.172,6.0,6.0,0.0,7.172,1
408,10.115,3.0,4.0,1.0,6.115,1
6332,11.301,7.0,7.0,0.0,4.301,1
6632,9.239,11.0,10.0,1.0,0.761,1
2767,4.302,1.0,3.0,2.0,1.302,1
7106,16.944,2.0,2.0,0.0,14.944,1
5407,5.431,9.0,10.0,1.0,2.569,1
6543,7.791,2.0,3.0,1.0,4.791,1
4931,9.441,6.0,8.0,2.0,1.441,1
4547,14.519,10.0,8.0,2.0,2.519,1
454,5.219,1.0,3.0,2.0,2.219,1
6259,8.273,9.0,10.0,1.0,-0.273,1
2074,12.212,4.0,5.0,1.0,7.212,1
479,11.112,1.0,3.0,2.0,8.112,1
6639,14.516,2.0,4.0,2.0,10.516,1
7414,13.029,7.0,7.0,0.0,6.029,1
3903,10.631,7.0,7.0,0.0,3.631,1
6568,12.259,2.0,3.0,1.0,9.259,1
2577,10.497,4.0,6.0,2.0,4.497,1
3546,10.15,2.0,4.0,2.0,6.15,1
2695,9.601,9.0,10.0,1.0,-0.399,0
3699,10.501,7.0,5.0,2.0,1.501,1
1985,15.518,1.0,4.0,3.0,11.518,1
2933,10.244,10.0,10.0,0.0,0.244,1
7044,4.956,2.0,4.0,2.0,0.956,1
5761,2.121,4.0,0.0,4.0,-2.121,0
5950,12.426,11.0,7.0,4.0,-2.574,1
5948,6.747,11.0,9.0,2.0,2.253,1
7349,15.457,10.0,12.0,2.0,3.457,1
2882,5.042,1.0,4.0,3.0,1.042,1
6756,3.623,10.0,10.0,0.0,6.377,1
5296,5.852,10.0,10.0,0.0,4.148,1
4867,12.359,7.0,7.0,0.0,5.359,1
2488,11.598,1.0,1.0,0.0,10.598,1
4803,9.716,4.0,6.0,2.0,3.716,1
3199,4.11,1.0,2.0,1.0,2.11,1
3054,10.218,9.0,7.0,2.0,-0.782,1
6708,9.759,3.0,5.0,2.0,4.759,1
5626,5.973,5.0,4.0,1.0,-0.027,1
6160,4.024,7.0,10.0,3.0,-0.024,1
4829,7.476,3.0,5.0,2.0,2.476,1
6237,2.494,9.0,10.0,1.0,5.506,1
4724,6.966,2.0,4.0,2.0,2.966,1
3728,8.331,10.0,10.0,0.0,1.669,1
3052,9.889,5.0,9.0,4.0,0.889,1
3742,11.097,9.0,7.0,2.0,0.097,1
5845,10.068,11.0,10.0,1.0,-0.068,0
2863,12.055,3.0,7.0,4.0,5.055,1
4400,11.484,2.0,5.0,3.0,6.484,1
5265,7.837,10.0,7.0,3.0,-0.837,0
1584,6.061,10.0,10.0,0.0,3.939,1
1122,11.715,11.0,10.0,1.0,-0.285,1
2132,15.058,4.0,7.0,3.0,8.058,1
4925,8.647,6.0,5.0,1.0,1.647,1
7386,2.218,2.0,10.0,8.0,-7.782,0
5334,6.859,9.0,10.0,1.0,1.141,1
6747,9.995,12.0,10.0,2.0,0.005,1
7096,9.237,2.0,4.0,2.0,5.237,1
5503,12.852,10.0,2.0,8.0,-5.148,1
418,5.678,1.0,11.0,10.0,-5.322,0
6733,6.68,10.0,6.0,4.0,-0.68,0
3779,10.126,4.0,6.0,2.0,4.126,1
5586,9.007,8.0,10.0,2.0,-0.993,0
3162,10.449,11.0,7.0,4.0,-3.449,0
2156,10.52,9.0,5.0,4.0,-2.48,1
5507,7.191,7.0,8.0,1.0,-0.809,0
7425,24.198,6.0,10.0,4.0,14.198,1
5752,6.641,8.0,5.0,3.0,-1.641,0
5848,10.109,10.0,5.0,5.0,-4.891,1
467,6.024,8.0,4.0,4.0,-2.024,0
6765,7.49,6.0,8.0,2.0,-0.51,0
6477,6.859,5.0,2.0,3.0,-1.141,1
2012,14.981,4.0,10.0,6.0,4.981,1
5595,5.358,3.0,4.0,1.0,1.358,1
6316,11.678,12.0,5.0,7.0,-6.678,0
3784,9.143,4.0,9.0,5.0,0.143,1
7145,13.583,2.0,7.0,5.0,6.583,1
4943,10.9,10.0,10.0,0.0,0.9,1
3540,13.319,5.0,5.0,0.0,8.319,1
4420,6.329,9.0,4.0,5.0,-2.329,0
7141,15.489,8.0,15.0,7.0,0.489,1
5574,9.892,6.0,6.0,0.0,3.892,1
5060,19.664,12.0,10.0,2.0,5.664,1
4681,11.226,8.0,10.0,2.0,1.226,1
2937,2.792,5.0,3.0,2.0,0.208,1
2018,12.759,10.0,7.0,3.0,-0.241,1
6481,7.6,2.0,10.0,8.0,-2.4,0
1903,14.87,2.0,6.0,4.0,8.87,1
6055,5.455,9.0,10.0,1.0,2.545,1
6768,7.157,7.0,4.0,3.0,-2.843,1
6497,2.651,3.0,4.0,1.0,-0.651,1
7230,11.3,6.0,10.0,4.0,1.3,1
4176,36.395,3.0,10.0,7.0,26.395,1
5770,5.488,8.0,4.0,4.0,-1.488,0
7013,1.6,7.0,9.0,2.0,3.4,1
7088,16.471,1.0,10.0,9.0,6.471,1
2572,12.713,11.0,10.0,1.0,0.713,1
5708,2.895,2.0,9.0,7.0,-6.105,0
3668,6.163,9.0,8.0,1.0,1.837,1
3426,4.398,10.0,6.0,4.0,1.602,1
4316,17.079,6.0,9.0,3.0,8.079,1
5056,9.186,6.0,12.0,6.0,-2.814,0
3672,7.661,12.0,6.0,6.0,-1.661,0
2934,15.64,6.0,5.0,1.0,8.64,1
6166,12.553,10.0,8.0,2.0,0.553,1
4449,11.826,8.0,5.0,3.0,0.826,1
6324,12.209,10.0,6.0,4.0,-1.791,1
4321,9.17,8.0,8.0,0.0,1.17,1
3590,11.643,2.0,7.0,5.0,4.643,1
2956,9.71,2.0,10.0,8.0,-0.29,0
2315,11.441,5.0,10.0,5.0,1.441,1
6283,8.201,8.0,10.0,2.0,-1.799,0
4765,11.159,12.0,3.0,9.0,-8.159,0
4561,9.198,11.0,2.0,9.0,-7.198,0
3011,4.828,2.0,10.0,8.0,-5.172,0
5490,10.793,1.0,10.0,9.0,0.793,1
2765,11.823,12.0,5.0,7.0,-6.823,0
7276,5.953,12.0,10.0,2.0,4.047,1
2596,11.483,5.0,11.0,6.0,0.483,1
3014,5.677,11.0,8.0,3.0,2.323,1
2740,12.709,10.0,10.0,0.0,2.709,1
4763,12.163,11.0,6.0,5.0,-3.837,1
7086,10.951,8.0,10.0,2.0,0.951,1
4336,8.362,5.0,5.0,0.0,3.362,1
6383,11.196,12.0,10.0,2.0,-1.196,0
6585,10.441,7.0,6.0,1.0,2.441,1
5229,9.418,11.0,3.0,8.0,-6.418,0
2758,7.413,6.0,6.0,0.0,1.413,1
2533,12.14,1.0,5.0,4.0,7.14,1
4920,10.048,8.0,6.0,2.0,0.048,1
7098,12.471,6.0,5.0,1.0,5.471,1
2487,13.081,3.0,3.0,0.0,10.081,1
7166,10.778,10.0,10.0,0.0,0.778,1
6264,3.636,2.0,3.0,1.0,0.636,1
6820,7.528,8.0,6.0,2.0,-1.528,0
3801,10.558,1.0,7.0,6.0,3.558,1
1177,11.104,4.0,3.0,1.0,6.104,1
7208,9.928,5.0,7.0,2.0,2.928,1
3842,17.162,3.0,6.0,3.0,11.162,1
4080,14.706,12.0,7.0,5.0,-2.294,1
5018,14.455,4.0,8.0,4.0,6.455,1
4721,15.02,7.0,5.0,2.0,6.02,1
1949,10.869,7.0,4.0,3.0,0.869,1
2749,9.849,8.0,10.0,2.0,-0.151,0
2953,6.154,2.0,10.0,8.0,-3.846,0
5607,2.75,3.0,10.0,7.0,-6.75,1
7012,5.885,8.0,10.0,2.0,0.115,1
6205,3.326,7.0,6.0,1.0,2.674,1
3225,9.383,9.0,3.0,6.0,-5.617,1
1247,11.07,5.0,10.0,5.0,1.07,1
6185,5.263,3.0,8.0,5.0,-2.737,0
4297,7.635,7.0,6.0,1.0,-0.365,1
4609,11.039,9.0,7.0,2.0,0.039,1
4620,24.424,5.0,10.0,5.0,14.424,1
7207,14.965,12.0,8.0,4.0,-1.035,1
7342,7.503,7.0,10.0,3.0,-2.497,0
4875,20.996,6.0,4.0,2.0,12.996,1
3021,9.779,11.0,3.0,8.0,-6.779,0
7139,8.008,7.0,3.0,4.0,-2.992,1
867,6.368,4.0,4.0,0.0,2.368,1
2514,4.69,3.0,2.0,1.0,0.69,1
4260,6.748,2.0,7.0,5.0,-0.252,0
1589,6.137,3.0,6.0,3.0,0.137,1
2289,12.709,3.0,10.0,7.0,2.709,1
1910,12.408,4.0,6.0,2.0,6.408,1
3068,5.932,11.0,3.0,8.0,-2.932,0
5136,17.369,4.0,3.0,1.0,12.369,1
3364,6.936,1.0,10.0,9.0,-3.064,0
5430,3.158,8.0,5.0,3.0,1.842,1
5174,6.049,10.0,10.0,0.0,3.951,1
4938,8.197,3.0,4.0,1.0,4.197,1
5716,2.951,5.0,5.0,0.0,2.049,1
5605,7.524,5.0,4.0,1.0,1.524,1
4969,14.485,1.0,5.0,4.0,9.485,1
4741,8.226,3.0,10.0,7.0,-1.774,0
3584,8.856,7.0,8.0,1.0,0.856,1
3147,1.519,9.0,8.0,1.0,6.481,1
2694,13.019,6.0,8.0,2.0,5.019,1
6751,12.231,10.0,6.0,4.0,-1.769,1
6300,11.143,10.0,6.0,4.0,-2.857,1
6980,12.636,6.0,9.0,3.0,3.636,1
6271,10.384,3.0,10.0,7.0,0.384,1
6989,1.39,12.0,12.0,0.0,10.61,1
7188,6.942,9.0,9.0,0.0,2.058,1
2398,12.194,10.0,10.0,0.0,2.194,1
5083,15.085,11.0,9.0,2.0,2.085,1
5653,7.409,11.0,10.0,1.0,2.591,1
1519,9.713,12.0,3.0,9.0,-6.713,0
2452,13.883,1.0,16.0,15.0,-2.117,0
4510,9.46,8.0,10.0,2.0,-0.54,0
2062,4.535,11.0,10.0,1.0,5.465,1
3154,6.04,9.0,10.0,1.0,1.96,1
5300,3.473,7.0,10.0,3.0,0.527,1
5224,3.502,7.0,4.0,3.0,0.498,1
3802,7.293,7.0,3.0,4.0,-3.707,1
6669,9.657,7.0,10.0,3.0,-0.343,0
7461,10.846,2.0,10.0,8.0,0.846,1
7066,6.969,8.0,9.0,1.0,0.031,1
5584,8.231,11.0,6.0,5.0,-2.231,0
2492,10.81,7.0,3.0,4.0,-0.19,1
856,11.603,1.0,4.0,3.0,7.603,1
2586,4.8,4.0,3.0,1.0,-0.2,1
6023,7.062,2.0,7.0,5.0,0.062,1
5315,8.044,4.0,3.0,1.0,3.044,1
1572,13.453,8.0,5.0,3.0,2.453,1
707,5.626,3.0,5.0,2.0,0.626,1
4917,27.061,2.0,10.0,8.0,17.061,1
5309,8.084,6.0,5.0,1.0,1.084,1
453,5.17,10.0,5.0,5.0,-0.17,0
2271,9.503,1.0,3.0,2.0,6.503,1
1935,10.296,2.0,10.0,8.0,0.296,1
8013,4.617,1.0,7.0,6.0,-2.383,0
3146,6.154,10.0,5.0,5.0,-1.154,0
3237,12.08,3.0,3.0,0.0,9.08,1
4845,8.318,9.0,7.0,2.0,-1.318,0
6564,6.067,2.0,11.0,9.0,-4.933,0
4757,12.984,6.0,5.0,1.0,5.984,1
4412,7.683,10.0,3.0,7.0,-4.683,0
4657,10.272,1.0,5.0,4.0,5.272,1
5238,4.567,2.0,8.0,6.0,-3.433,0
2984,11.816,4.0,10.0,6.0,1.816,1
7304,11.97,10.0,2.0,8.0,-6.03,1
4729,7.415,7.0,10.0,3.0,-2.585,0
1174,5.663,3.0,8.0,5.0,-2.337,0
2708,10.341,11.0,6.0,5.0,-4.341,0
7491,14.44,5.0,10.0,5.0,4.44,1
5005,13.752,6.0,8.0,2.0,5.752,1
5449,8.556,10.0,10.0,0.0,1.444,1
4325,9.94,6.0,3.0,3.0,0.94,1
4422,3.359,8.0,6.0,2.0,2.641,1
4359,10.162,2.0,10.0,8.0,0.162,1
1178,10.189,2.0,8.0,6.0,2.189,1
7040,5.852,8.0,7.0,1.0,1.148,1
3461,13.199,8.0,6.0,2.0,3.199,1
6042,10.881,8.0,10.0,2.0,0.881,1
3230,10.369,8.0,4.0,4.0,-1.631,1
5695,3.946,5.0,3.0,2.0,-0.946,0
4647,7.573,2.0,5.0,3.0,2.573,1
4751,8.309,3.0,6.0,3.0,2.309,1
4700,10.907,2.0,7.0,5.0,3.907,1
5405,4.433,12.0,10.0,2.0,5.567,1
5167,15.542,6.0,10.0,4.0,5.542,1
1596,12.338,12.0,9.0,3.0,-2.662,1
1917,14.798,5.0,10.0,5.0,4.798,1
7455,17.519,8.0,7.0,1.0,8.519,1
1554,4.581,12.0,10.0,2.0,5.419,1
2016,13.144,3.0,2.0,1.0,9.144,1
3412,3.526,9.0,7.0,2.0,3.474,1
4511,9.337,1.0,10.0,9.0,-0.663,0
6312,12.915,4.0,4.0,0.0,8.915,1
6915,8.625,9.0,2.0,7.0,-6.625,0
7354,8.544,6.0,10.0,4.0,-1.456,0
5624,4.436,3.0,10.0,7.0,-5.564,0
7018,6.004,12.0,1.0,11.0,-5.004,0
5536,9.669,9.0,6.0,3.0,-2.331,1
4417,7.336,1.0,10.0,9.0,-2.664,0
737,10.63,9.0,10.0,1.0,0.63,1
402,5.799,5.0,5.0,0.0,0.799,1
8006,2.688,11.0,10.0,1.0,7.312,1
3337,5.189,2.0,5.0,3.0,0.189,1
4630,12.118,12.0,8.0,4.0,-3.882,1
6510,10.916,5.0,8.0,3.0,2.916,1
3129,9.831,9.0,7.0,2.0,-1.169,1
2169,14.227,6.0,4.0,2.0,6.227,1
1110,8.633,3.0,5.0,2.0,3.633,1
2300,7.059,6.0,10.0,4.0,-2.941,0
3472,7.235,4.0,10.0,6.0,-2.765,0
3508,8.824,9.0,5.0,4.0,-3.824,0
1571,6.367,9.0,10.0,1.0,1.633,1
4500,9.526,9.0,6.0,3.0,-2.474,1
3775,6.785,6.0,5.0,1.0,-0.215,1
3293,1.886,11.0,10.0,1.0,8.114,1
3137,5.75,4.0,10.0,6.0,-4.25,0
6899,8.054,10.0,4.0,6.0,-4.054,0
3096,1.088,4.0,6.0,2.0,0.912,1
2764,10.172,4.0,17.0,13.0,-6.828,0
2448,7.6,7.0,2.0,5.0,-4.4,1
2304,8.428,12.0,10.0,2.0,1.572,1
5563,5.539,4.0,10.0,6.0,-4.461,0
6987,0.626,4.0,8.0,4.0,-0.626,1
6984,1.009,9.0,4.0,5.0,2.991,1
3844,40.998,8.0,7.0,1.0,31.998,1
1193,7.967,6.0,2.0,4.0,-2.033,1
7091,9.556,12.0,3.0,9.0,-6.556,0
4389,9.514,1.0,7.0,6.0,2.514,1
3358,9.211,1.0,10.0,9.0,-0.789,0
2344,12.323,5.0,10.0,5.0,2.323,1
5038,17.128,8.0,3.0,5.0,4.128,1
6592,4.938,5.0,10.0,5.0,-4.938,1
4517,4.762,4.0,10.0,6.0,-5.238,0
6705,7.461,12.0,3.0,9.0,-4.461,0
1211,7.14,10.0,7.0,3.0,-0.14,0
3635,3.194,6.0,10.0,4.0,-1.194,1
3040,11.767,8.0,10.0,2.0,1.767,1
3419,11.714,12.0,7.0,5.0,-4.714,0
3688,4.546,6.0,4.0,2.0,-0.546,0
2535,9.303,6.0,10.0,4.0,-0.697,0
1143,8.882,2.0,7.0,5.0,1.882,1
5307,2.991,4.0,4.0,0.0,1.009,1
6307,12.253,2.0,8.0,6.0,4.253,1
2575,8.189,4.0,6.0,2.0,2.189,1
1947,9.678,8.0,5.0,3.0,-1.322,1
2991,11.482,4.0,10.0,6.0,1.482,1
6873,7.28,6.0,7.0,1.0,0.28,1
2919,3.773,4.0,6.0,2.0,-1.773,1
4644,10.813,8.0,2.0,6.0,-3.187,1
6909,6.211,10.0,4.0,6.0,-2.211,0
5342,1.162,10.0,8.0,2.0,6.838,1
2475,6.185,1.0,7.0,6.0,-0.815,0
5053,14.659,8.0,7.0,1.0,5.659,1
6790,16.295,11.0,10.0,1.0,4.295,1
1166,10.61,6.0,3.0,3.0,1.61,1
4808,5.577,11.0,15.0,4.0,1.423,1
5513,5.282,2.0,3.0,1.0,2.282,1
2593,8.238,11.0,7.0,4.0,-1.238,0
2980,3.914,2.0,10.0,8.0,-6.086,0
5783,17.341,7.0,7.0,0.0,10.341,1
2385,12.98,12.0,10.0,2.0,-1.02,1
1152,9.914,4.0,5.0,1.0,4.914,1
3449,7.315,8.0,7.0,1.0,-0.315,0
3467,16.423,3.0,10.0,7.0,6.423,1
3320,10.551,7.0,6.0,1.0,2.551,1
2077,13.237,11.0,7.0,4.0,-1.763,1
473,10.863,6.0,15.0,9.0,-4.137,0
2674,10.096,2.0,5.0,3.0,5.096,1
1953,7.894,12.0,8.0,4.0,0.106,1
6649,5.379,7.0,8.0,1.0,0.621,1
4150,14.216,8.0,8.0,0.0,6.216,1
4958,11.672,7.0,3.0,4.0,0.672,1
5505,7.007,12.0,9.0,3.0,1.993,1
1569,9.532,2.0,3.0,1.0,6.532,1
3067,1.701,12.0,3.0,9.0,1.299,1
5437,8.017,3.0,1.0,2.0,3.017,1
3770,15.948,3.0,10.0,7.0,5.948,1
7194,4.184,3.0,5.0,2.0,-0.816,0
2857,2.982,1.0,10.0,9.0,-7.018,0
1243,11.766,3.0,10.0,7.0,1.766,1
4308,8.29,10.0,10.0,0.0,1.71,1
1591,7.094,8.0,5.0,3.0,-2.094,0
3018,3.113,11.0,4.0,7.0,0.887,1
2091,8.329,3.0,10.0,7.0,-1.671,0
6521,5.957,10.0,9.0,1.0,3.043,1
4791,5.211,10.0,10.0,0.0,4.789,1
6901,11.155,8.0,4.0,4.0,-0.845,1
6507,6.229,11.0,10.0,1.0,3.771,1
4851,9.806,6.0,10.0,4.0,-0.194,0
3282,1.192,3.0,5.0,2.0,-0.192,1
3341,13.116,9.0,3.0,6.0,-1.884,1
5768,3.595,9.0,5.0,4.0,1.405,1
3825,11.52,3.0,3.0,0.0,8.52,1
2845,9.875,1.0,8.0,7.0,1.875,1
6549,10.205,1.0,17.0,16.0,-6.795,0
3634,9.204,12.0,2.0,10.0,-7.204,0
7464,7.826,11.0,10.0,1.0,2.174,1
1278,10.513,2.0,13.0,11.0,-2.487,0
1183,4.135,9.0,3.0,6.0,-1.135,0
1127,7.588,12.0,10.0,2.0,2.412,1
7083,10.421,3.0,4.0,1.0,6.421,1
6814,6.835,7.0,3.0,4.0,-3.835,0
6624,12.63,4.0,5.0,1.0,7.63,1
5594,5.951,4.0,6.0,2.0,-0.049,0
3193,7.591,1.0,10.0,9.0,-2.409,0
6039,11.533,5.0,5.0,0.0,6.533,1
7400,2.227,4.0,10.0,6.0,-4.227,1
1525,11.235,5.0,10.0,5.0,1.235,1
4903,7.99,9.0,8.0,1.0,0.01,1
3248,3.873,4.0,5.0,1.0,-0.873,1
5311,2.706,10.0,10.0,0.0,7.294,1
414,11.86,6.0,10.0,4.0,1.86,1
7253,-0.046,5.0,10.0,5.0,0.046,1
1284,3.901,9.0,5.0,4.0,1.099,1
7167,7.506,7.0,3.0,4.0,-3.494,1
3704,13.367,3.0,10.0,7.0,3.367,1
3733,7.013,1.0,10.0,9.0,-2.987,0
3211,9.23,12.0,7.0,5.0,-2.23,0
4404,2.908,6.0,10.0,4.0,-0.908,1
6802,16.445,8.0,10.0,2.0,6.445,1
5335,9.077,11.0,8.0,3.0,-1.077,0
6888,5.82,10.0,5.0,5.0,-0.82,0
5379,10.353,9.0,8.0,1.0,0.353,1
6562,8.416,7.0,3.0,4.0,-2.584,1
2506,10.302,9.0,11.0,2.0,-0.698,0
6610,8.414,3.0,3.0,0.0,5.414,1
2233,12.408,9.0,2.0,7.0,-3.592,1
6386,11.413,3.0,10.0,7.0,1.413,1
3898,5.355,9.0,0.0,9.0,-5.355,0
2894,9.513,9.0,12.0,3.0,-2.487,0
5838,9.438,1.0,10.0,9.0,-0.562,0
1945,14.957,8.0,6.0,2.0,4.957,1
3343,2.181,3.0,5.0,2.0,-1.181,1
7132,11.492,10.0,3.0,7.0,-5.508,1
3671,40.791,1.0,5.0,4.0,35.791,1
6576,6.712,3.0,3.0,0.0,3.712,1
2691,9.453,3.0,10.0,7.0,-0.547,0
2715,8.286,3.0,6.0,3.0,2.286,1
7337,7.024,8.0,10.0,2.0,-1.024,1
1231,12.025,10.0,5.0,5.0,-2.975,1
2413,10.736,12.0,7.0,5.0,-3.736,0
3244,11.424,2.0,4.0,2.0,7.424,1
7487,13.902,9.0,10.0,1.0,3.902,1
4971,22.277,1.0,10.0,9.0,12.277,1
4463,7.879,6.0,10.0,4.0,-2.121,0
2088,7.169,11.0,10.0,1.0,2.831,1
2164,7.587,9.0,6.0,3.0,-1.587,0
2504,6.029,9.0,11.0,2.0,0.971,1
6962,6.739,9.0,4.0,5.0,-2.739,0
2199,15.398,8.0,8.0,0.0,7.398,1
5297,12.319,2.0,2.0,0.0,10.319,1
5841,15.726,9.0,5.0,4.0,2.726,1
4892,7.554,1.0,7.0,6.0,0.554,1
4259,10.19,4.0,4.0,0.0,6.19,1
3135,13.086,4.0,4.0,0.0,9.086,1
3476,11.618,5.0,2.0,3.0,3.618,1
2049,9.778,1.0,10.0,9.0,-0.222,0
3245,4.544,2.0,7.0,5.0,-2.456,0
4515,6.923,9.0,9.0,0.0,2.077,1
4634,10.078,8.0,3.0,5.0,-2.922,1
4011,11.438,9.0,2.0,7.0,-4.562,1
2236,14.718,1.0,10.0,9.0,4.718,1
4815,6.087,2.0,4.0,2.0,2.087,1
2832,2.597,8.0,9.0,1.0,4.403,1
4888,7.494,6.0,10.0,4.0,-2.506,0
5156,15.311,10.0,7.0,3.0,2.311,1
5889,7.704,9.0,10.0,1.0,0.296,1
1520,15.803,10.0,10.0,0.0,5.803,1
2399,9.631,9.0,9.0,0.0,0.631,1
3029,3.569,4.0,6.0,2.0,-1.569,1
6920,7.812,12.0,9.0,3.0,1.188,1
5106,12.609,5.0,6.0,1.0,6.609,1
2229,11.054,8.0,10.0,2.0,1.054,1
2008,13.413,9.0,10.0,1.0,3.413,1
2719,11.772,9.0,6.0,3.0,-0.228,1
445,4.975,8.0,2.0,6.0,-2.975,0
7064,9.378,9.0,7.0,2.0,-1.622,1
6004,12.486,4.0,10.0,6.0,2.486,1
5492,5.082,12.0,5.0,7.0,-0.082,0
2283,7.131,9.0,10.0,1.0,0.869,1
1534,10.939,5.0,4.0,1.0,4.939,1
1536,4.93,9.0,10.0,1.0,3.07,1
5373,14.97,4.0,3.0,1.0,9.97,1
4383,7.891,8.0,5.0,3.0,-2.891,0
4766,13.646,3.0,4.0,1.0,9.646,1
7346,21.306,7.0,8.0,1.0,13.306,1
2816,5.712,2.0,9.0,7.0,-3.288,0
7321,17.585,7.0,10.0,3.0,7.585,1
2105,18.98,8.0,9.0,1.0,9.98,1
7016,2.964,6.0,8.0,2.0,1.036,1
7407,14.913,2.0,7.0,5.0,7.913,1
5690,6.15,11.0,5.0,6.0,-1.15,0
4456,8.959,4.0,10.0,6.0,-1.041,0
6540,10.569,7.0,7.0,0.0,3.569,1
3233,2.717,2.0,13.0,11.0,-10.283,0
2975,7.736,4.0,4.0,0.0,3.736,1
3459,7.781,11.0,3.0,8.0,-4.781,0
2555,11.553,5.0,5.0,0.0,6.553,1
4926,3.586,2.0,12.0,10.0,-8.414,0
2160,13.927,3.0,15.0,12.0,-1.073,0
5989,11.703,12.0,7.0,5.0,-4.703,0
2222,18.262,11.0,7.0,4.0,3.262,1
3378,3.346,11.0,4.0,7.0,0.654,1
4605,12.35,6.0,5.0,1.0,5.35,1
5347,13.125,3.0,3.0,0.0,10.125,1
4951,11.673,5.0,10.0,5.0,1.673,1
4405,8.383,3.0,4.0,1.0,4.383,1
6948,4.982,8.0,10.0,2.0,1.018,1
4557,9.263,4.0,6.0,2.0,3.263,1
3604,6.858,12.0,10.0,2.0,3.142,1
2362,10.202,2.0,9.0,7.0,1.202,1
2414,3.939,7.0,10.0,3.0,0.061,1
3041,12.623,8.0,9.0,1.0,3.623,1
5290,3.684,3.0,9.0,6.0,-5.316,0
1212,8.152,11.0,3.0,8.0,-5.152,0
3083,10.129,4.0,11.0,7.0,-0.871,0
7397,6.186,3.0,7.0,4.0,-0.814,0
4341,15.739,12.0,10.0,2.0,1.739,1
3694,10.737,7.0,10.0,3.0,0.737,1
6439,8.402,9.0,10.0,1.0,-0.402,1
2983,3.648,7.0,10.0,3.0,0.352,1
2743,3.855,6.0,10.0,4.0,-1.855,1
6225,7.068,7.0,6.0,1.0,-0.932,1
3324,3.029,4.0,5.0,1.0,-0.029,1
2228,11.751,6.0,1.0,5.0,0.751,1
4825,8.517,6.0,17.0,11.0,-8.483,0
4842,9.647,2.0,10.0,8.0,-0.353,0
2457,11.413,12.0,4.0,8.0,-7.413,0
2370,4.024,6.0,6.0,0.0,1.976,1
3151,10.369,1.0,10.0,9.0,0.369,1
7471,12.907,6.0,8.0,2.0,4.907,1
1559,5.042,9.0,10.0,1.0,2.958,1
4538,11.558,8.0,10.0,2.0,1.558,1
5778,3.184,8.0,2.0,6.0,-1.184,0
6819,4.875,12.0,10.0,2.0,5.125,1
5047,16.094,1.0,5.0,4.0,11.094,1
5677,6.171,7.0,10.0,3.0,-2.171,1
1988,8.482,6.0,11.0,5.0,-2.518,0
3441,3.974,9.0,10.0,1.0,4.026,1
4141,15.446,10.0,8.0,2.0,3.446,1
3142,3.0,5.0,4.0,1.0,1.0,1
6504,12.428,9.0,3.0,6.0,-2.572,1
3007,12.944,2.0,3.0,1.0,9.944,1
2650,4.083,2.0,5.0,3.0,-0.917,0
6272,10.033,4.0,4.0,0.0,6.033,1
3254,8.939,2.0,5.0,3.0,3.939,1
2119,9.207,2.0,7.0,5.0,2.207,1
5428,6.599,5.0,2.0,3.0,-1.401,1
2057,14.427,5.0,3.0,2.0,7.427,1
1577,8.626,1.0,5.0,4.0,3.626,1
3547,16.816,3.0,4.0,1.0,12.816,1
3718,7.774,5.0,4.0,1.0,1.774,1
1167,13.528,3.0,10.0,7.0,3.528,1
1215,6.484,7.0,6.0,1.0,-0.484,0
4752,6.259,11.0,7.0,4.0,0.741,1
2365,20.321,5.0,2.0,3.0,12.321,1
2268,14.16,7.0,10.0,3.0,4.16,1
6605,11.275,3.0,10.0,7.0,1.275,1
1968,8.346,9.0,10.0,1.0,-0.346,1
2681,2.292,9.0,10.0,1.0,5.708,1
2901,7.368,10.0,9.0,1.0,1.632,1
5617,6.78,8.0,5.0,3.0,-1.78,0
6269,8.202,12.0,4.0,8.0,-4.202,0
5646,7.763,6.0,5.0,1.0,0.763,1
5651,5.616,2.0,3.0,1.0,2.616,1
1942,7.561,5.0,10.0,5.0,-2.439,0
5073,10.138,1.0,4.0,3.0,6.138,1
5479,9.556,12.0,7.0,5.0,-2.556,0
6357,13.19,3.0,2.0,1.0,9.19,1
4973,8.687,7.0,6.0,1.0,0.687,1
3896,10.607,2.0,2.0,0.0,8.607,1
5205,8.541,5.0,10.0,5.0,-1.459,0
1194,14.615,1.0,5.0,4.0,9.615,1
5285,9.693,11.0,10.0,1.0,0.307,1
2260,9.218,2.0,3.0,1.0,6.218,1
3381,13.033,5.0,10.0,5.0,3.033,1
2965,3.71,2.0,9.0,7.0,-5.29,0
3164,8.798,10.0,3.0,7.0,-5.798,0
2201,10.603,4.0,7.0,3.0,3.603,1
5868,17.11,2.0,4.0,2.0,13.11,1
6235,10.853,5.0,10.0,5.0,0.853,1
3258,4.313,2.0,2.0,0.0,2.313,1
1916,12.353,8.0,4.0,4.0,0.353,1
4797,11.592,1.0,10.0,9.0,1.592,1
3894,9.669,6.0,10.0,4.0,-0.331,0
3397,2.624,9.0,7.0,2.0,4.376,1
2330,9.226,7.0,10.0,3.0,-0.774,0
4990,13.955,5.0,4.0,1.0,7.955,1
2464,8.785,10.0,0.0,10.0,-8.785,0
5324,9.658,3.0,10.0,7.0,-0.342,0
3396,2.118,1.0,8.0,7.0,-5.882,0
6339,9.851,9.0,10.0,1.0,-0.149,0
6652,10.067,12.0,3.0,9.0,-7.067,0
5935,4.411,4.0,3.0,1.0,-0.589,1
6648,8.92,2.0,5.0,3.0,3.92,1
1998,11.482,3.0,4.0,1.0,7.482,1
6484,10.669,5.0,4.0,1.0,4.669,1
1960,11.191,1.0,6.0,5.0,5.191,1
6103,8.508,3.0,10.0,7.0,-1.492,0
3098,10.163,4.0,10.0,6.0,0.163,1
8012,4.391,5.0,6.0,1.0,-0.391,1
6506,10.12,11.0,10.0,1.0,-0.12,0
2825,9.801,5.0,10.0,5.0,-0.199,0
422,33.525,9.0,9.0,0.0,24.525,1
5719,4.645,4.0,10.0,6.0,-5.355,0
5441,23.341,5.0,10.0,5.0,13.341,1
3641,8.464,8.0,10.0,2.0,-1.536,0
5672,9.307,9.0,4.0,5.0,-4.693,1
1180,11.015,11.0,4.0,7.0,-6.985,1
5325,6.268,3.0,4.0,1.0,2.268,1
5234,8.981,5.0,3.0,2.0,1.981,1
6582,9.148,6.0,12.0,6.0,-2.852,0
5967,7.751,1.0,4.0,3.0,3.751,1
5013,17.274,5.0,3.0,2.0,10.274,1
2712,6.73,1.0,1.0,0.0,5.73,1
3033,8.019,1.0,14.0,13.0,-5.981,0
5302,7.776,1.0,8.0,7.0,-0.224,0
4266,15.554,12.0,5.0,7.0,-3.446,1
3032,11.901,9.0,0.0,9.0,-6.099,1
6253,10.184,9.0,10.0,1.0,0.184,1
2781,0.858,4.0,11.0,7.0,-3.858,1
5814,8.033,9.0,9.0,0.0,0.967,1
2240,13.729,8.0,5.0,3.0,2.729,1
1927,17.785,4.0,9.0,5.0,8.785,1
3101,8.211,8.0,8.0,0.0,0.211,1
2731,9.253,2.0,7.0,5.0,2.253,1
6179,3.748,11.0,10.0,1.0,6.252,1
5135,15.605,11.0,10.0,1.0,3.605,1
409,5.826,7.0,10.0,3.0,-1.826,1
5571,4.418,11.0,11.0,0.0,6.582,1
6778,5.303,8.0,7.0,1.0,1.697,1
1918,15.484,9.0,9.0,0.0,6.484,1
7453,9.166,7.0,6.0,1.0,1.166,1
5365,17.538,9.0,10.0,1.0,7.538,1
2511,14.445,5.0,5.0,0.0,9.445,1
2534,11.013,12.0,6.0,6.0,-5.013,0
2269,9.564,4.0,10.0,6.0,-0.436,0
1182,8.051,4.0,5.0,1.0,3.051,1
5556,3.457,6.0,9.0,3.0,-0.457,1
3828,8.684,4.0,16.0,12.0,-7.316,0
1234,7.542,12.0,11.0,1.0,3.458,1
4281,10.633,12.0,6.0,6.0,-4.633,0
7485,13.705,11.0,5.0,6.0,-3.295,1
4351,11.585,3.0,6.0,3.0,5.585,1
2198,8.452,7.0,0.0,7.0,-5.548,1
2205,7.654,6.0,8.0,2.0,-0.346,0
4637,6.538,1.0,3.0,2.0,3.538,1
2353,10.411,3.0,2.0,1.0,6.411,1
438,7.354,1.0,9.0,8.0,-1.646,0
3445,3.394,2.0,9.0,7.0,-5.606,0
3691,13.885,11.0,4.0,7.0,-4.115,1
1201,8.287,12.0,5.0,7.0,-3.287,0
3757,7.527,5.0,6.0,1.0,1.527,1
5098,17.256,7.0,3.0,4.0,6.256,1
8014,4.792,3.0,3.0,0.0,1.792,1
3228,5.879,1.0,10.0,9.0,-4.121,0
6268,8.498,2.0,4.0,2.0,4.498,1
5541,6.856,11.0,8.0,3.0,1.144,1
1586,12.185,7.0,5.0,2.0,3.185,1
1125,12.926,9.0,3.0,6.0,-2.074,1
7035,13.305,11.0,10.0,1.0,1.305,1
896,7.949,5.0,6.0,1.0,1.949,1
2750,8.679,10.0,10.0,0.0,1.321,1
4254,6.347,4.0,6.0,2.0,0.347,1
2659,2.965,12.0,5.0,7.0,2.035,1
3886,10.013,5.0,10.0,5.0,0.013,1
4832,15.383,1.0,4.0,3.0,11.383,1
7356,5.898,8.0,3.0,5.0,-2.898,0
2606,8.233,3.0,6.0,3.0,2.233,1
5237,6.368,3.0,7.0,4.0,-0.632,0
4288,9.536,5.0,5.0,0.0,4.536,1
2878,9.461,8.0,8.0,0.0,1.461,1
3486,8.2,1.0,6.0,5.0,2.2,1
1993,8.487,5.0,7.0,2.0,1.487,1
6076,9.073,6.0,10.0,4.0,-0.927,0
2148,7.571,6.0,10.0,4.0,-2.429,0
3772,4.478,9.0,8.0,1.0,3.522,1
5756,2.797,6.0,3.0,3.0,0.203,1
6306,11.002,4.0,3.0,1.0,6.002,1
5549,11.457,1.0,3.0,2.0,8.457,1
5514,7.257,5.0,7.0,2.0,0.257,1
5567,7.168,4.0,3.0,1.0,2.168,1
6635,13.673,6.0,5.0,1.0,6.673,1
6111,8.221,3.0,5.0,2.0,3.221,1
7362,12.474,1.0,8.0,7.0,4.474,1
3457,11.445,6.0,1.0,5.0,0.445,1
6323,15.291,7.0,8.0,1.0,7.291,1
1269,6.378,2.0,4.0,2.0,2.378,1
2192,9.874,8.0,5.0,3.0,-1.126,1
4684,14.361,5.0,10.0,5.0,4.361,1
1528,12.719,9.0,10.0,1.0,2.719,1
6525,4.373,11.0,7.0,4.0,2.627,1
3207,2.037,4.0,10.0,6.0,-4.037,1
5375,12.401,4.0,4.0,0.0,8.401,1
3370,9.702,9.0,4.0,5.0,-4.298,1
4371,11.298,1.0,7.0,6.0,4.298,1
862,9.972,2.0,10.0,8.0,-0.028,0
2352,9.349,5.0,2.0,3.0,1.349,1
3117,1.165,2.0,11.0,9.0,-8.165,1
5825,24.287,3.0,2.0,1.0,20.287,1
6369,11.735,7.0,6.0,1.0,3.735,1
7300,8.219,10.0,3.0,7.0,-5.219,0
7198,7.7,1.0,8.0,7.0,-0.3,0
6410,8.439,7.0,4.0,3.0,-1.561,1
439,11.066,1.0,10.0,9.0,1.066,1
2558,11.965,5.0,6.0,1.0,5.965,1
6979,9.872,5.0,8.0,3.0,1.872,1
6447,10.488,11.0,10.0,1.0,-0.488,0
3091,7.671,4.0,10.0,6.0,-2.329,0
2239,21.238,2.0,2.0,0.0,19.238,1
6408,7.72,10.0,10.0,0.0,2.28,1
7172,5.365,9.0,9.0,0.0,3.635,1
5504,3.092,3.0,6.0,3.0,-2.908,0
7006,9.579,11.0,10.0,1.0,0.421,1
3591,13.876,12.0,7.0,5.0,-3.124,1
6797,12.394,10.0,9.0,1.0,1.394,1
4817,7.121,7.0,6.0,1.0,-0.879,1
2852,7.885,6.0,5.0,1.0,0.885,1
5857,14.1,12.0,4.0,8.0,-5.9,1
4121,13.248,8.0,10.0,2.0,3.248,1
5091,10.603,3.0,8.0,5.0,2.603,1
6452,6.765,5.0,15.0,10.0,-8.235,0
3574,7.725,12.0,6.0,6.0,-1.725,0
4486,12.509,10.0,4.0,6.0,-3.491,1
2246,15.124,11.0,8.0,3.0,1.124,1
7279,15.187,3.0,10.0,7.0,5.187,1
8011,5.244,1.0,10.0,9.0,-4.756,0
494,7.664,12.0,6.0,6.0,-1.664,0
2501,9.175,9.0,7.0,2.0,-1.825,1
2772,11.078,11.0,10.0,1.0,-0.922,1
3822,34.504,7.0,8.0,1.0,26.504,1
4606,16.165,12.0,5.0,7.0,-2.835,1
5480,11.214,12.0,6.0,6.0,-5.214,0
5181,12.13,9.0,7.0,2.0,1.13,1
4984,14.437,3.0,10.0,7.0,4.437,1
5368,10.002,9.0,7.0,2.0,-0.998,1
3624,12.031,9.0,9.0,0.0,3.031,1
2996,10.877,10.0,10.0,0.0,0.877,1
5009,15.649,1.0,10.0,9.0,5.649,1
3148,12.859,11.0,10.0,1.0,0.859,1
434,8.869,10.0,16.0,6.0,-4.869,1
2833,5.799,12.0,11.0,1.0,5.201,1
3811,7.774,11.0,3.0,8.0,-4.774,0
6095,7.426,12.0,3.0,9.0,-4.426,0
6874,13.366,11.0,4.0,7.0,-4.634,1
1260,9.346,4.0,2.0,2.0,3.346,1
7248,6.744,2.0,4.0,2.0,2.744,1
2279,8.95,1.0,10.0,9.0,-1.05,0
6074,8.899,1.0,6.0,5.0,2.899,1
6627,13.098,3.0,4.0,1.0,9.098,1
2759,10.368,11.0,7.0,4.0,-3.368,0
3038,9.159,6.0,7.0,1.0,2.159,1
5355,16.949,2.0,10.0,8.0,6.949,1
2970,11.23,7.0,3.0,4.0,0.23,1
2611,12.453,8.0,10.0,2.0,2.453,1
6891,3.86,9.0,0.0,9.0,-3.86,0
1524,11.966,1.0,9.0,8.0,2.966,1
5321,7.144,11.0,9.0,2.0,1.856,1
1532,5.034,1.0,12.0,11.0,-6.966,0
7439,4.648,11.0,11.0,0.0,6.352,1
7463,11.976,9.0,10.0,1.0,1.976,1
4945,17.072,11.0,4.0,7.0,-0.928,1
2033,21.58,4.0,4.0,0.0,17.58,1
5438,15.033,8.0,4.0,4.0,3.033,1
1109,7.066,5.0,5.0,0.0,2.066,1
3049,9.219,1.0,8.0,7.0,1.219,1
1206,9.297,8.0,9.0,1.0,0.297,1
6577,12.639,2.0,7.0,5.0,5.639,1
3392,3.355,12.0,4.0,8.0,0.645,1
6297,10.937,9.0,11.0,2.0,-0.063,0
6655,10.627,9.0,9.0,0.0,1.627,1
1171,9.927,2.0,3.0,1.0,6.927,1
7405,19.892,11.0,9.0,2.0,6.892,1
3156,11.281,9.0,10.0,1.0,1.281,1
5874,12.367,2.0,7.0,5.0,5.367,1
4570,16.72,12.0,2.0,10.0,-5.28,1
3063,1.602,12.0,4.0,8.0,2.398,1
2680,9.763,8.0,5.0,3.0,-1.237,1
5697,7.82,5.0,4.0,1.0,1.82,1
6335,11.294,2.0,14.0,12.0,-2.706,0
4440,11.699,5.0,7.0,2.0,4.699,1
3548,6.647,4.0,6.0,2.0,0.647,1
4698,23.024,12.0,7.0,5.0,6.024,1
7113,13.346,4.0,5.0,1.0,8.346,1
6792,8.764,4.0,12.0,8.0,-3.236,0
2982,4.014,12.0,4.0,8.0,-0.014,0
6062,13.296,11.0,6.0,5.0,-2.704,1
2021,20.171,8.0,7.0,1.0,11.171,1
3316,3.731,8.0,6.0,2.0,2.269,1
6939,15.543,7.0,10.0,3.0,5.543,1
2550,10.597,2.0,6.0,4.0,4.597,1
4595,13.83,8.0,3.0,5.0,0.83,1
432,7.962,11.0,6.0,5.0,-1.962,0
2713,10.766,5.0,10.0,5.0,0.766,1
2411,18.001,1.0,11.0,10.0,7.001,1
6520,12.222,10.0,10.0,0.0,2.222,1
5366,9.52,11.0,3.0,8.0,-6.52,0
5370,15.504,11.0,11.0,0.0,4.504,1
461,2.841,4.0,3.0,1.0,0.159,1
3826,11.631,2.0,7.0,5.0,4.631,1
3737,13.759,10.0,8.0,2.0,1.759,1
7027,6.677,3.0,8.0,5.0,-1.323,0
4153,13.463,6.0,10.0,4.0,3.463,1
1920,15.288,5.0,16.0,11.0,-0.712,0
4627,12.889,11.0,5.0,6.0,-4.111,1
4502,7.635,12.0,10.0,2.0,2.365,1
3220,9.957,12.0,8.0,4.0,-1.957,0
6614,9.841,5.0,1.0,4.0,0.841,1
5720,6.214,10.0,2.0,8.0,-4.214,0
2067,11.34,10.0,6.0,4.0,-2.66,1
5749,7.439,3.0,4.0,1.0,3.439,1
3689,5.096,1.0,8.0,7.0,-2.904,0
7053,9.176,8.0,6.0,2.0,-0.824,1
7496,13.69,1.0,10.0,9.0,3.69,1
3035,10.69,8.0,8.0,0.0,2.69,1
5189,10.944,5.0,10.0,5.0,0.944,1
1982,10.205,11.0,6.0,5.0,-4.205,0
1976,17.522,2.0,11.0,9.0,6.522,1
6352,10.236,12.0,7.0,5.0,-3.236,0
471,9.091,4.0,4.0,0.0,5.091,1
4034,11.666,11.0,14.0,3.0,-2.334,0
7262,7.126,8.0,10.0,2.0,-1.126,1
6503,6.989,5.0,5.0,0.0,1.989,1
3159,7.987,12.0,10.0,2.0,2.013,1
5512,5.077,9.0,10.0,1.0,2.923,1
7291,7.641,5.0,10.0,5.0,-2.359,0
2859,8.37,8.0,6.0,2.0,-1.63,1
3882,7.012,8.0,5.0,3.0,-2.012,0
3849,13.247,8.0,3.0,5.0,0.247,1
4387,12.925,2.0,3.0,1.0,9.925,1
6409,8.827,9.0,5.0,4.0,-3.827,0
6916,9.409,4.0,10.0,6.0,-0.591,0
6773,9.681,5.0,5.0,0.0,4.681,1
1923,10.655,2.0,10.0,8.0,0.655,1
6011,24.385,8.0,8.0,0.0,16.385,1
7019,5.479,1.0,2.0,1.0,3.479,1
7215,2.259,5.0,10.0,5.0,-2.259,1
5012,15.0,8.0,6.0,2.0,5.0,1
5632,8.267,2.0,2.0,0.0,6.267,1
6593,8.479,9.0,7.0,2.0,-1.479,0
5105,13.176,8.0,4.0,4.0,1.176,1
4488,8.163,5.0,3.0,2.0,1.163,1
5019,14.498,7.0,4.0,3.0,4.498,1
6201,6.99,4.0,7.0,3.0,-0.01,0
1506,10.84,4.0,4.0,0.0,6.84,1
3798,9.713,2.0,7.0,5.0,2.713,1
5090,12.396,10.0,10.0,0.0,2.396,1
6772,7.009,2.0,7.0,5.0,0.009,1
2288,11.232,3.0,5.0,2.0,6.232,1
7383,11.134,12.0,6.0,6.0,-5.134,0
4258,6.317,9.0,7.0,2.0,0.683,1
5387,11.81,5.0,9.0,4.0,2.81,1
5259,15.421,6.0,10.0,4.0,5.421,1
6532,10.213,3.0,9.0,6.0,1.213,1
4749,13.382,10.0,10.0,0.0,3.382,1
6251,6.619,11.0,7.0,4.0,0.381,1
2218,12.245,9.0,8.0,1.0,2.245,1
1508,5.971,5.0,6.0,1.0,-0.029,0
4290,12.766,2.0,5.0,3.0,7.766,1
3270,6.667,12.0,4.0,8.0,-2.667,0
6322,10.147,6.0,4.0,2.0,2.147,1
1126,8.434,4.0,9.0,5.0,-0.566,0
6808,9.596,8.0,2.0,6.0,-4.404,1
3613,10.509,8.0,4.0,4.0,-1.491,1
5157,13.613,7.0,2.0,5.0,1.613,1
4033,14.073,1.0,8.0,7.0,6.073,1
5359,13.864,3.0,9.0,6.0,4.864,1
5343,3.3,1.0,10.0,9.0,-6.7,0
2075,16.749,8.0,10.0,2.0,6.749,1
7281,19.13,11.0,10.0,1.0,7.13,1
5864,13.083,8.0,10.0,2.0,3.083,1
2831,5.379,7.0,10.0,3.0,-1.379,1
2700,3.51,5.0,5.0,0.0,1.49,1
2076,11.213,12.0,8.0,4.0,-3.213,0
5284,1.823,3.0,10.0,7.0,-5.823,1
2025,10.368,7.0,6.0,1.0,2.368,1
2526,14.618,6.0,6.0,0.0,8.618,1
3593,2.911,7.0,10.0,3.0,1.089,1
2230,10.949,6.0,2.0,4.0,0.949,1
7224,13.758,2.0,5.0,3.0,8.758,1
3131,2.708,6.0,10.0,4.0,-0.708,1
6001,5.413,1.0,11.0,10.0,-5.587,0
716,15.111,6.0,10.0,4.0,5.111,1
2939,-1.044,6.0,5.0,1.0,6.044,1
2249,18.682,7.0,15.0,8.0,3.682,1
6990,2.741,2.0,5.0,3.0,-2.259,0
5881,23.831,4.0,10.0,6.0,13.831,1
7115,10.394,12.0,6.0,6.0,-4.394,0
2036,10.52,1.0,10.0,9.0,0.52,1
3374,2.774,12.0,6.0,6.0,3.226,1
4455,12.577,5.0,0.0,5.0,2.577,1
3349,4.6,5.0,5.0,0.0,0.4,1
5853,13.081,6.0,10.0,4.0,3.081,1
6502,6.995,2.0,11.0,9.0,-4.005,0
3717,13.95,7.0,8.0,1.0,5.95,1
6285,6.136,7.0,10.0,3.0,-2.136,1
6303,14.013,10.0,7.0,3.0,1.013,1
1928,14.477,2.0,10.0,8.0,4.477,1
5497,5.383,6.0,3.0,3.0,-2.383,0
4335,8.676,7.0,5.0,2.0,-0.324,1
2912,4.959,5.0,2.0,3.0,-2.959,0
5789,13.889,1.0,6.0,5.0,7.889,1
6114,7.289,5.0,10.0,5.0,-2.711,0
5419,13.318,2.0,5.0,3.0,8.318,1
2552,9.762,1.0,10.0,9.0,-0.238,0
2124,14.561,11.0,7.0,4.0,-0.439,1
5418,15.674,5.0,3.0,2.0,8.674,1
5426,11.714,11.0,6.0,5.0,-4.286,1
2433,14.948,3.0,10.0,7.0,4.948,1
1518,8.797,4.0,10.0,6.0,-1.203,0
2707,7.391,5.0,7.0,2.0,0.391,1
894,7.274,7.0,6.0,1.0,-0.726,1
7286,8.745,9.0,10.0,1.0,-0.745,1
7322,14.765,6.0,5.0,1.0,7.765,1
7421,7.771,4.0,6.0,2.0,1.771,1
3622,5.899,6.0,10.0,4.0,-3.899,1
6829,8.412,7.0,7.0,0.0,1.412,1
4810,6.049,1.0,8.0,7.0,-1.951,0
5500,11.468,11.0,10.0,1.0,-0.532,1
6292,12.952,7.0,4.0,3.0,2.952,1
3786,11.209,9.0,10.0,1.0,1.209,1
5733,7.312,9.0,3.0,6.0,-4.312,0
5640,6.104,4.0,3.0,1.0,1.104,1
5042,10.664,12.0,12.0,0.0,1.336,1
5981,5.769,2.0,9.0,7.0,-3.231,0
5412,8.385,1.0,10.0,9.0,-1.615,0
6397,6.895,12.0,10.0,2.0,3.105,1
4682,16.981,7.0,7.0,0.0,9.981,1
4051,6.646,8.0,9.0,1.0,0.354,1
1291,8.344,10.0,6.0,4.0,-2.344,0
2093,11.02,3.0,7.0,4.0,4.02,1
1157,7.294,11.0,1.0,10.0,-6.294,0
3982,20.891,5.0,10.0,5.0,10.891,1
2446,13.163,8.0,2.0,6.0,-0.837,1
2382,11.718,1.0,5.0,4.0,6.718,1
1558,9.258,9.0,7.0,2.0,-1.742,1
6163,4.963,3.0,8.0,5.0,-3.037,0
2191,9.055,3.0,6.0,3.0,3.055,1
2508,8.62,8.0,10.0,2.0,-1.38,0
3697,11.067,7.0,5.0,2.0,2.067,1
3514,9.838,6.0,4.0,2.0,1.838,1
5303,5.651,5.0,10.0,5.0,-4.349,0
7417,11.791,5.0,9.0,4.0,2.791,1
7191,11.672,5.0,12.0,7.0,-0.328,0
4540,9.234,12.0,5.0,7.0,-4.234,0
4782,11.331,12.0,10.0,2.0,-1.331,0
2584,15.333,11.0,8.0,3.0,1.333,1
732,13.083,5.0,6.0,1.0,7.083,1
7477,17.03,7.0,7.0,0.0,10.03,1
6099,9.297,11.0,6.0,5.0,-3.297,0
5411,12.428,4.0,10.0,6.0,2.428,1
4949,12.871,5.0,9.0,4.0,3.871,1
6946,10.912,8.0,7.0,1.0,1.912,1
2381,7.813,9.0,4.0,5.0,-3.813,0
3876,12.643,11.0,6.0,5.0,-3.357,1
726,12.571,7.0,10.0,3.0,2.571,1
3575,18.682,2.0,6.0,4.0,12.682,1
4439,10.849,3.0,2.0,1.0,6.849,1
3710,10.693,11.0,10.0,1.0,-0.693,0
4952,9.043,3.0,10.0,7.0,-0.957,0
6544,10.299,2.0,10.0,8.0,0.299,1
8004,3.641,4.0,10.0,6.0,-5.641,1
6995,5.674,9.0,3.0,6.0,-2.674,0
5659,7.461,8.0,10.0,2.0,-1.461,1
6499,5.806,9.0,5.0,4.0,-0.806,0
6645,12.866,4.0,10.0,6.0,2.866,1
2791,8.89,8.0,10.0,2.0,-1.11,0
7063,13.909,6.0,4.0,2.0,5.909,1
5107,8.258,8.0,10.0,2.0,-1.742,0
2264,4.428,7.0,7.0,0.0,2.572,1
442,16.644,3.0,5.0,2.0,11.644,1
8016,2.014,9.0,2.0,7.0,-0.014,0
3134,11.737,4.0,7.0,3.0,4.737,1
2945,9.657,4.0,7.0,3.0,2.657,1
6164,6.003,2.0,9.0,7.0,-2.997,0
4711,12.978,3.0,3.0,0.0,9.978,1
4661,13.03,6.0,10.0,4.0,3.03,1
5007,10.316,9.0,4.0,5.0,-3.684,1
4651,9.65,2.0,6.0,4.0,3.65,1
7201,6.907,6.0,3.0,3.0,-2.093,1
420,10.889,4.0,10.0,6.0,0.889,1
2516,9.577,6.0,4.0,2.0,1.577,1
5432,10.368,5.0,6.0,1.0,4.368,1
5540,4.316,10.0,15.0,5.0,0.684,1
3512,6.692,4.0,10.0,6.0,-3.308,0
2141,8.474,1.0,10.0,9.0,-1.526,0
6079,7.357,12.0,3.0,9.0,-4.357,0
2682,6.925,7.0,10.0,3.0,-2.925,1
7217,7.075,7.0,10.0,3.0,-2.925,0
1192,8.77,7.0,6.0,1.0,0.77,1
2997,10.817,12.0,7.0,5.0,-3.817,0
3094,3.405,9.0,7.0,2.0,3.595,1
2013,11.459,4.0,3.0,1.0,6.459,1
738,13.597,7.0,4.0,3.0,3.597,1
2773,12.108,5.0,6.0,1.0,6.108,1
4813,7.57,6.0,8.0,2.0,-0.43,0
4438,15.581,1.0,8.0,7.0,7.581,1
3620,10.008,8.0,8.0,0.0,2.008,1
436,13.26,5.0,6.0,1.0,7.26,1
5781,4.826,10.0,7.0,3.0,2.174,1
4152,13.565,6.0,5.0,1.0,6.565,1
7219,10.093,3.0,5.0,2.0,5.093,1
4852,5.697,11.0,10.0,1.0,4.303,1
2835,1.411,9.0,9.0,0.0,7.589,1
5459,10.553,9.0,6.0,3.0,-1.447,1
2843,11.816,11.0,10.0,1.0,-0.184,1
3333,12.312,4.0,3.0,1.0,7.312,1
5001,12.776,2.0,10.0,8.0,2.776,1
3404,4.478,5.0,10.0,5.0,-4.478,1
5466,5.736,4.0,7.0,3.0,-1.264,0
6534,6.696,7.0,10.0,3.0,-2.696,1
5210,10.662,7.0,5.0,2.0,1.662,1
3789,12.023,11.0,7.0,4.0,-2.977,1
2216,12.926,8.0,3.0,5.0,-0.074,1
3813,8.894,7.0,5.0,2.0,-0.106,1
2679,8.648,5.0,1.0,4.0,-0.352,1
6838,9.667,1.0,10.0,9.0,-0.333,0
5509,10.108,3.0,10.0,7.0,0.108,1
6273,12.916,1.0,6.0,5.0,6.916,1
5765,5.359,7.0,10.0,3.0,-1.359,1
2914,6.906,12.0,6.0,6.0,-0.906,0
3630,10.51,8.0,2.0,6.0,-3.49,1
3773,7.686,10.0,4.0,6.0,-3.686,0
4988,17.72,8.0,8.0,0.0,9.72,1
7413,6.801,1.0,9.0,8.0,-2.199,0
2579,8.974,2.0,10.0,8.0,-1.026,0
2662,8.935,7.0,5.0,2.0,-0.065,1
7303,13.197,9.0,5.0,4.0,0.197,1
4643,8.688,8.0,7.0,1.0,-0.312,1
4985,9.506,8.0,7.0,1.0,0.506,1
7332,7.183,4.0,3.0,1.0,2.183,1
6468,10.33,2.0,10.0,8.0,0.33,1
4136,15.137,4.0,8.0,4.0,7.137,1
6072,8.195,3.0,10.0,7.0,-1.805,0
2002,3.454,3.0,4.0,1.0,-0.546,0
4238,15.488,9.0,10.0,1.0,5.488,1
6028,5.356,11.0,13.0,2.0,3.644,1
3912,10.759,2.0,10.0,8.0,0.759,1
4282,8.195,12.0,10.0,2.0,1.805,1
7473,8.283,12.0,2.0,10.0,-6.283,0
